hashtag,name,url,price,image
oversized,Women Solid Slim Fit Sweaters,https://www.getketch.com/product/tokyo-talkies-women-black-white-v-neck-sleevless-sweater-TTa1000216,Rs. 549,https://getketchadmin.getketch.com/product/8905404287281/300/TTa1000216_1.jpg
oversized,Women Solid Slim Fit Sweaters,https://www.getketch.com/product/tokyo-talkies-women-black-white-v-neck-sleevless-sweater-TTa1000216,Rs. 549,https://getketchadmin.getketch.com/product/8905404287281/300/TTa1000216_1.jpg
oversized,Women Printed Sweaters,https://www.getketch.com/product/tokyo-talkies-women-aqua-blue-white-v-neck-sleevless-sweater-TTa1000213,Rs. 549,https://getketchadmin.getketch.com/product/8905404287168/300/TTa1000213_0.jpg
oversized,Women Ribbed Sweater,https://www.getketch.com/product/tokyo-talkies-women-blue-mock-collar-sweater-ttsw000297,Rs. 779,https://getketchadmin.getketch.com/product/8905980420508/300/TTSW000297_1.JPG
oversized,Women Solid Sweater,https://www.getketch.com/product/tokyo-talkies-women-yellow-turtle-neck-sweater-ttsw000131,Rs. 589,https://getketchadmin.getketch.com/product/8905980339053/300/TTSW000131_1.JPG
oversized,Women Cable Knit Sweaters,https://www.getketch.com/product/tokyo-talkies-women-black-turtle-neck-cable-knit-sweater-ttsw000322,Rs. 709,https://getketchadmin.getketch.com/product/8905980421505/300/TTSW000322_1.JPG
oversized,Women Solid Sweater,https://www.getketch.com/product/tokyo-talkies-women-purple-turtle-neck-sweater-ttsw000206,Rs. 669,https://getketchadmin.getketch.com/product/8905980368961/300/TTSW000206_1.jpg
oversized,Women Ribbed Sweaters,https://www.getketch.com/product/tokyo-talkies-women-pine-casual-ribbed-sweater-TTa1000145,Rs. 699,https://getketchadmin.getketch.com/product/8905040428376/300/TTA1000145_1.jpg
oversized,Women Solid Sweaters,https://www.getketch.com/product/tokyo-talkies-women-burgundy-casual-solid-sweater-TTa1000130,Rs. 709,https://getketchadmin.getketch.com/product/8905040427775/300/TTa1000130_1.JPG
oversized,Women Self Design Sweater,https://www.getketch.com/product/tokyo-talkies-women-white-turtle-neck-sweater-ttsw000336,Rs. 639,https://getketchadmin.getketch.com/product/8905980422069/300/TTSW000336_1.JPG
oversized,Women Tokyo Talkies Women Cream-Coloured Solid Pullover Sweaters,https://www.getketch.com/product/tokyo-talkies-women-cream-coloured-solid-pullover-sweater-TTa1000122,Rs. 609,https://getketchadmin.getketch.com/product/8905040427430/300/TTa1000122_1.jpg
oversized,Women Ribbed Sweater,https://www.getketch.com/product/tokyo-talkies-women-pink-mock-collar-sweater-ttsw000295,Rs. 779,https://getketchadmin.getketch.com/product/8905980420423/300/TTSW000295_1.JPG
oversized,Women Solid Sweaters,https://www.getketch.com/product/tokyo-talkies-women-teal-high-neck-long-seeve-sweater-tta1000330,Rs. 999,https://getketchadmin.getketch.com/product/8905745182955/300/TTA1000330_1.jpg
oversized,Women Solid Sweaters,https://www.getketch.com/product/tokyo-talkies-women-high-neck-long-sleeve-sweater-tta1000363,Rs. 789,https://getketchadmin.getketch.com/product/8905745184270/300/TTA1000363_1.jpg
oversized,Women Solid Sweater,https://www.getketch.com/product/tokyo-talkies-women-black-turtle-neck-sweater-ttsw000296,Rs. 779,https://getketchadmin.getketch.com/product/8905980420461/300/TTSW000296_1.JPG
oversized,Women Solid Sweaters,https://www.getketch.com/product/tokyo-talkies-women-high-neck-long-sleeve-sweater-tta1000293,Rs. 899,https://getketchadmin.getketch.com/product/8905745180531/300/TTA1000293_1.jpg
oversized,Women Solid Sweater,https://www.getketch.com/product/tokyo-talkies-women-purple-v-neck-sweater-ttsw000233,Rs. 669,https://getketchadmin.getketch.com/product/8905980392874/300/TTSW000233_1.jpg
oversized,Women Solid Slim Fit Sweaters,https://www.getketch.com/product/tokyo-talkies-women-burgundy-casual-solid-slim-fit-sweaters-TTa1000126,Rs. 609,https://getketchadmin.getketch.com/product/8905040427614/300/TTa1000126_1.JPG
oversized,Women Solid Sweater,https://www.getketch.com/product/tokyo-talkies-women-blue-turtle-neck-sweater-ttsw000134,Rs. 589,https://getketchadmin.getketch.com/product/8905980339350/300/TTSW000134_1.jpg
oversized,Women Solid Sweaters,https://www.getketch.com/product/tokyo-talkies-women-purple-high-neck-sweater-TTSW000021,Rs. 1149,https://getketchadmin.getketch.com/product/8905745190776/300/TTSW000021_1.jpg
oversized,Men Solid Sweater,https://www.getketch.com/product/highlander-men-brown-shirt-collar-sweater-hlsw000112,Rs. 719,https://getketchadmin.getketch.com/product/8905980417133/300/HLSW000112_1.JPG
oversized,Women Solid Slim Fit Sweaters,https://www.getketch.com/product/tokyo-talkies-women-black-casual-solid-slim-fit-sweaters-TTa1000125,Rs. 609,https://getketchadmin.getketch.com/product/8905040427577/300/TTa1000125_1.jpg
oversized,Women Solid Sweaters,https://www.getketch.com/product/tokyo-talkies-women-maroon-high-neck-long-sleeve-sweater-tta1000329,Rs. 999,https://getketchadmin.getketch.com/product/8905745182917/300/TTA1000329_1.jpg
oversized,Men Self Design Sweaters,https://www.getketch.com/product/highlander-men-white-regular-fit-highneck-with-half-zip-sweater-hlsw000092,Rs. 869,https://getketchadmin.getketch.com/product/8905980397817/300/HLSW000092_1.JPG
oversized,Women Printed Sweaters,https://www.getketch.com/product/tokyo-talkies-women-round-neck-long-sleeve-sweater-TTa1000356,Rs. 639,https://getketchadmin.getketch.com/product/8905745183990/300/TTA1000356_1.jpg
oversized,Men Self Design Sweaters,https://www.getketch.com/product/highlander-men-black-regular-fit-highneck-with-half-zip-sweater-hlsw000091,Rs. 869,https://getketchadmin.getketch.com/product/8905980397718/300/HLSW000091_1.JPG
oversized,Women Printed Sweaters,https://www.getketch.com/product/tokyo-talkies-women-lavender-green-v-neck-sweater-TTa1000217,Rs. 599,https://getketchadmin.getketch.com/product/8905404287328/300/TTA1000217_01.JPG
oversized,Women Solid Sweaters,https://www.getketch.com/product/tokyo-talkies-women-black-turtle-neck-solid-sweater-ttsw000046,Rs. 639,https://getketchadmin.getketch.com/product/8905745193517/300/TTSW000046_1.jpg
oversized,Women Striped Sweaters,https://www.getketch.com/product/tokyo-talkies-women-navy-striped-turtle-neck-long-sleeve-sweater-ttsw000040,Rs. 719,https://getketchadmin.getketch.com/product/8905745193111/300/TTSW000040_1.jpg
oversized,Women Self Design Sweaters,https://www.getketch.com/product/tokyo-talkies-women-brown-round-neck-cropped-sweater-ttsw000345,Rs. 659,https://getketchadmin.getketch.com/product/8905980434543/300/TTSW000345_1.JPG
oversized,Women Cable Knit Sweater,https://www.getketch.com/product/tokyo-talkies-women-pink-v-neck-cable-knit-sweater-ttsw000211,Rs. 539,https://getketchadmin.getketch.com/product/8905980369463/300/TTSW000211_1.JPG
oversized,Women Solid Sweaters,https://www.getketch.com/product/tokyo-talkies-women-pine-casual-solid-sweater-TTa1000127,Rs. 609,https://getketchadmin.getketch.com/product/8905040427652/300/TTa1000127_1.JPG
oversized,Women Jacqurard Pullover Sweaters,https://www.getketch.com/product/tokyo-talkies-women-orange-round-neck-long-sleeve-sweater-ttsw000016,Rs. 849,https://getketchadmin.getketch.com/product/8905745190370/300/TTSW000016_1.jpg
oversized,Women Solid Sweaters,https://www.getketch.com/product/tokyo-talkies-women-green-turtle-neck-pullover-sweater-ttsw000038,Rs. 689,https://getketchadmin.getketch.com/product/8905745193036/300/TTSW000038_1.jpg
oversized,Women Self Design Sweater,https://www.getketch.com/product/tokyo-talkies-women-beige-turtle-neck-sweater-ttsw000332,Rs. 639,https://getketchadmin.getketch.com/product/8905980421901/300/TTSW000332_1.JPG
oversized,Women Cable Knit Sweaters,https://www.getketch.com/product/tokyo-talkies-women-orange-turtle-neck-cable-knit-longline-sweater-ttsw000407,Rs. 1179,https://getketchadmin.getketch.com/product/8905980447512/300/TTSW000407_1.jpg
oversized,Women Solid Sweater,https://www.getketch.com/product/tokyo-talkies-women-teal-round-neck-sweater-ttsw000182,Rs. 799,https://getketchadmin.getketch.com/product/8905980357668/300/TTSW000182_1.JPG
oversized,Women Striped Sweaters,https://www.getketch.com/product/tokyo-talkies-women-black-striped-turtle-neck-long-sleeve-sweater-tta1000304,Rs. 729,https://getketchadmin.getketch.com/product/8905745180975/300/TTa1000304_1.jpg
oversized,Women Solid Sweaters,https://www.getketch.com/product/tokyo-talkies-women-pink-round-neck-sweater-TTa1000255,Rs. 679,https://getketchadmin.getketch.com/product/8905404303462/300/TTa1000255_0.jpg
oversized,Women Striped Sweaters,https://www.getketch.com/product/tokyo-talkies-women-maroon-striped-turtle-neck-long-sleeve-sweater-tta1000306,Rs. 729,https://getketchadmin.getketch.com/product/8905745181057/300/TTA1000306_1.jpg
oversized,Women Solid Sweater,https://www.getketch.com/product/tokyo-talkies-women-brown-round-neck-sweater-ttsw000146,Rs. 739,https://getketchadmin.getketch.com/product/8905980340554/300/TTSW000146_1.jpg
trending,Women Flared Jeans,https://www.getketch.com/product/tokyo-talkies-women-light-blue-regular-fit-jeans-TTJN003080,Rs. 659,https://getketchadmin.getketch.com/product/8905404708755/300/TTJN003080_1.jpg
trending,Women Flared Jeans,https://www.getketch.com/product/tokyo-talkies-women-light-blue-regular-fit-jeans-TTJN003080,Rs. 659,https://getketchadmin.getketch.com/product/8905404708755/300/TTJN003080_1.jpg
trending,Men Slim Fit Casual Shirt,https://www.getketch.com/product/ketch-men-checked-casual-shirt-KHSH000755,Rs. 389,https://getketchadmin.getketch.com/product/8905404849458/300/KHSH000755_KHSH000755_1.JPG
trending,Solid Maxi Dress,https://www.getketch.com/product/tokyo-talkies-women-black-solid-maxi-dress-ttj6008136,Rs. 309,https://getketchadmin.getketch.com/product/8905745601210/300/TTJ6008136_1.JPG
trending,Printed A-Line Dress,https://www.getketch.com/product/ketch-women-pink-floral-printed-a-line-dress-khj6000092,Rs. 309,https://getketchadmin.getketch.com/product/8905745409557/300/KHJ6000092_1.jpg
trending,Printed Bodycon Dress,https://www.getketch.com/product/tokyo-talkies-women-off-white-printed-back-tie-up-bodycon-dress-ttj6008909,Rs. 739,https://getketchadmin.getketch.com/product/8905745943365/300/TTJ6008909_1.jpg
trending,Men Slim Fit Casual Shirt,https://www.getketch.com/product/locomotive-men-black-printed-casual-shirt-LMSH016011,Rs. 489,https://getketchadmin.getketch.com/product/8905404620408/300/LMSH016011_1.JPG
trending,Printed Fit and Flare Dress,https://www.getketch.com/product/tokyo-talkies-women-beige-mustard-printed-fit-and-flare-dress-ttj6008237,Rs. 579,https://getketchadmin.getketch.com/product/8905745638155/300/TTJ6008237_1.jpg
trending,Men Slim Fit Casual Shirt,https://www.getketch.com/product/ketch-men-checked-casual-shirt-KHSH000640,Rs. 359,https://getketchadmin.getketch.com/product/8905404630742/300/KHSH000640_1.JPG
trending,Women Bootcut Jeans,https://www.getketch.com/product/tokyo-talkies-women-black-flared-jeans-TTJN001883,Rs. 729,https://getketchadmin.getketch.com/product/8905040103242/300/TTJN001883_1.JPG
trending,Printed A-Line Dress,https://www.getketch.com/product/tokyo-talkies-women-aqua-printed-midi-dress-ttj6007881,Rs. 539,https://getketchadmin.getketch.com/product/8905745494508/300/TTJ6007881_1.jpg
trending,Solid Fit & Flare Dress,https://www.getketch.com/product/tokyo-talkies-women-cream-solid-fit-flare-dress-ttj6009497,Rs. 389,https://getketchadmin.getketch.com/product/8905980337479/300/TTJ6009497_1.jpg
trending,Self Design Fit & Flare Dress,https://www.getketch.com/product/tokyo-talkies-women-navy-blue-self-design-puff-sleeve-fit-and-flare-dress-ttj6008983,Rs. 619,https://getketchadmin.getketch.com/product/8905980000304/300/TTJ6008983_1.jpg
trending,Men Slim Fit Casual Shirt,https://www.getketch.com/product/locomotive-men-pink-printed-casual-shirt-LMSH015986,Rs. 489,https://getketchadmin.getketch.com/product/8905404566362/300/LMSH015986_1.JPG
trending,Women Mom Fit Jeans,https://www.getketch.com/product/tokyo-talkies-women-light-blue-mom-fit-jeans-TTJN002860,Rs. 679,https://getketchadmin.getketch.com/product/8905404451811/300/TTJN002860_1.jpg
trending,Men Slim Fit Casual Shirt,https://www.getketch.com/product/locomotive-men-powder-blue-printed-casual-shirt-LMSH016013,Rs. 489,https://getketchadmin.getketch.com/product/8905404620484/300/LMSH016013_1.JPG
trending,Solid Bodycon Dress,https://www.getketch.com/product/tokyo-talkies-women-navy-square-neckline-bodycon-dress-ttj6008583,Rs. 269,https://getketchadmin.getketch.com/product/8905745722717/300/TTJ6008583_1.jpg
trending,Men Slim Fit Casual Shirt,https://www.getketch.com/product/ketch-men-white-navy-blue-checked-casual-shirt-KHSH000625,Rs. 349,https://getketchadmin.getketch.com/product/8905404627964/300/KHSH000625_1.JPG
trending,Checked Bodycon Dress,https://www.getketch.com/product/ketch-women-black-white-checked-frilled-bodycon-dress-khj6000081,Rs. 299,https://getketchadmin.getketch.com/product/8905745406419/300/KHJ6000081_1.jpg
trending,Solid Bodycon Dress,https://www.getketch.com/product/tokyo-talkies-women-black-solid-bodycon-dress-ttj6009916,Rs. 349,https://getketchadmin.getketch.com/product/8905980595237/300/TTJ6009916_1.JPG
trending,Solid Maxi Dress,https://www.getketch.com/product/tokyo-talkies-women-flourescent-green-solid-maxi-dress-ttj6008139,Rs. 319,https://getketchadmin.getketch.com/product/8905745601395/300/TTJ6008139_1.jpg
trending,Checked Bodycon Dress,https://www.getketch.com/product/ketch-women-black-white-checked-frilled-bodycon-dress-khj6000081,Rs. 299,https://getketchadmin.getketch.com/product/8905745406419/300/KHJ6000081_1.jpg
trending,Solid Bodycon Dress,https://www.getketch.com/product/tokyo-talkies-women-black-solid-bodycon-dress-ttj6009916,Rs. 349,https://getketchadmin.getketch.com/product/8905980595237/300/TTJ6009916_1.JPG
trending,Solid Maxi Dress,https://www.getketch.com/product/tokyo-talkies-women-flourescent-green-solid-maxi-dress-ttj6008139,Rs. 319,https://getketchadmin.getketch.com/product/8905745601395/300/TTJ6008139_1.jpg
trending,Solid Bodycon Dress,https://www.getketch.com/product/tokyo-talkies-women-black-solid-bodycon-dress-ttj6009914,Rs. 339,https://getketchadmin.getketch.com/product/8905980595039/300/TTJ6009914_1.JPG
trending,Solid Bodycon Dress,https://www.getketch.com/product/tokyo-talkies-women-purple-solid-bodycon-dress-ttj6009419,Rs. 549,https://getketchadmin.getketch.com/product/8905980266045/300/TTJ6009419_1.jpg
trending,Men Slim Fit Casual Shirt,https://www.getketch.com/product/locomotive-men-rust-printed-casual-shirt-LMSH016017,Rs. 499,https://getketchadmin.getketch.com/product/8905404631596/300/LMSH016017_1.jpg
trending,Men Slim Fit Casual Shirt,https://www.getketch.com/product/ketch-men-printed-casual-shirt-KHSH000762,Rs. 439,https://getketchadmin.getketch.com/product/8905404849830/300/KHSH000762_1.jpg
trending,Solid Bodycon Dress,https://www.getketch.com/product/tokyo-talkies-women-brown-solid-bodycon-dress-ttj6008310,Rs. 369,https://getketchadmin.getketch.com/product/8905745667520/300/TTJ6008310_1.JPG
trending,Checked A-Line Dress,https://www.getketch.com/product/tokyo-talkies-women-regular-dress-TTJ6006693,Rs. 529,https://getketchadmin.getketch.com/product/8905404623096/300/TTJ6006693_1.jpg
trending,Solid Bodycon Dress,https://www.getketch.com/product/tokyo-talkies-women-purple-solid-bodycon-dress-ttj6007886,Rs. 309,https://getketchadmin.getketch.com/product/8905745496175/300/TTJ6007886_1.jpg
trending,Printed Ruffle Dress,https://www.getketch.com/product/women-black-cut-out-ruffle-dress-ttj6008611,Rs. 679,https://getketchadmin.getketch.com/product/8905745730170/300/TTJ6008611_r1.jpg
trending,Women Straight Fit Jeans,https://www.getketch.com/product/tokyo-talkies-women-straight-leg-jeans-TTJN003215,Rs. 649,https://getketchadmin.getketch.com/product/8905404766700/300/TTJN003215_1.JPG
trending,Women Mom Fit Jeans,https://www.getketch.com/product/tokyo-talkies-women-light-grey-mom-fit-jeans-TTJN003032,Rs. 659,https://getketchadmin.getketch.com/product/8905404584274/300/TTJN003032_1.JPG
trending,Printed Umbrella Dress,https://www.getketch.com/product/vishudh-women-printed-sleeveless-umbrella-dress-VNa1001962,Rs. 483,https://getketchadmin.getketch.com/product/8905404958747/300/VNA1001962_1.jpg
trending,Printed A-Line Dress,https://www.getketch.com/product/solid-a-line-dress-TTJ6006723,Rs. 579,https://getketchadmin.getketch.com/product/8905404633149/300/TTJ6006723_1.jpg
trending,Printed Fit & Flare Dress,https://www.getketch.com/product/tokyo-talkies-women-maroon-printed-fit-flare-dress-ttj6008234,Rs. 559,https://getketchadmin.getketch.com/product/8905745637936/300/TTJ6008234_1.jpg
trending,Solid Peplum Dress,https://www.getketch.com/product/tokyo-talkies-women-black-solid-peplum-dress-ttj6008078,Rs. 429,https://getketchadmin.getketch.com/product/8905745572961/300/TTJ6008078_1.JPG
trending,Solid A-Line Dress,https://www.getketch.com/product/tokyo-talkies-women-red-solid-a-line-dress-ttj6007765,Rs. 459,https://getketchadmin.getketch.com/product/8905745432951/300/TTJ6007765_1.jpg
trending,Printed Sheath Dress,https://www.getketch.com/product/tokyo-talkies-women-green-multi-printed-sheath-dress-ttj6009110,Rs. 429,https://getketchadmin.getketch.com/product/8905980136980/300/TTJ6009110_1.JPG
trending,Printed Bodycon Dress,https://www.getketch.com/product/ketch-women-yellow-printed-bodycon-dress-khj6000021,Rs. 429,https://getketchadmin.getketch.com/product/8905745278924/300/KHJ6000021_1.jpg
trending,Women Mom Fit Jeans,https://www.getketch.com/product/tokyo-talkies-women-pastel-pink-regular-fit-jeans-TTJN002886,Rs. 659,https://getketchadmin.getketch.com/product/8905404470836/300/TTJN002886_1.jpg
trending,Solid A-Line Dress,https://www.getketch.com/product/tokyo-talkies-women-fuscia-solid-knitted-a-line-dress-ttj6009057,Rs. 379,https://getketchadmin.getketch.com/product/8905980027301/300/TTJ6009057_1.JPG
trending,Printed A-Line Dress,https://www.getketch.com/product/vishudh-women-turquoise-blue-printed-a-line-dress-vna1002336,Rs. 469,https://getketchadmin.getketch.com/product/8905745594291/300/VNA1002336_1.jpg
trending,Solid Wrap Dress,https://www.getketch.com/product/tokyo-talkies-women-navy-solid-wrap-dress-ttj6009202,Rs. 559,https://getketchadmin.getketch.com/product/8905980161999/300/TTJ6009202_1.JPG
trending,Solid Bodycon Dress,https://www.getketch.com/product/ketch-women-square-neckline-bodycon-dress-khj6000405,Rs. 259,https://getketchadmin.getketch.com/product/8905745722762/300/KHJ6000405_1.jpg
trending,Solid Maxi Dress,https://www.getketch.com/product/tokyo-talkies-women-black-solid-maxi-dress-ttj6008586,Rs. 339,https://getketchadmin.getketch.com/product/8905745723288/300/TTJ6008586_1.JPG
trending,Printed Shirt Dress,https://www.getketch.com/product/vishudh-women-green-printed-shirt-dress-vna1002303,Rs. 539,https://getketchadmin.getketch.com/product/8905745587309/300/VNA1002303_1.JPG
trending,Solid Wrap Dress,https://www.getketch.com/product/tokyo-talkies-women-sea-green-solid-wrap-dress-ttj6009190,Rs. 439,https://getketchadmin.getketch.com/product/8905980161319/300/TTJ6009190_1.JPG
trending,Printed Fit & Flare Dress,https://www.getketch.com/product/tolkyo-talkies-women-white-pink-multi-printed-fit-and-flare-dress-ttj6008879,Rs. 799,https://getketchadmin.getketch.com/product/8905745903413/300/TTJ6008879_1.JPG
trending,Solid Blouson Dress,https://www.getketch.com/product/tokyo-talkies-women-pink-solid-blouson-dress-ttj6008194,Rs. 629,https://getketchadmin.getketch.com/product/8905745626695/300/TTJ6008194_1.jpg
trending,Printed Fit & Flare Dress,https://www.getketch.com/product/tokyo-talkies-women-wine-printed-floral-fit-and-flare-midi-dress-ttj6007913,Rs. 629,https://getketchadmin.getketch.com/product/8905745504603/300/TTJ6007913_1.jpg
trending,Men Slim Fit Casual Shirt,https://www.getketch.com/product/locomotive-men-coral-printed-casual-shirt-LMSH015984,Rs. 509,https://getketchadmin.getketch.com/product/8905404566287/300/LMSH015984_1.jpg
trending,Printed Fit & Flare Dress,https://www.getketch.com/product/tolkyo-talkies-women-red-pink-multi-printed-fit-and-flare-dress-ttj6008889,Rs. 799,https://getketchadmin.getketch.com/product/8905745908838/300/TTJ6008889_1.jpg
trending,Men Slim Fit Casual Shirt,https://www.getketch.com/product/ketch-men-printed-casual-shirt-KHSH000724,Rs. 529,https://getketchadmin.getketch.com/product/8905404831200/300/KHSH000724-1.JPG
trending,Self Design Maxi Dress,https://www.getketch.com/product/tokyo-talkies-women-teal-black-self-design-maxi-dress-ttj6008693,Rs. 789,https://getketchadmin.getketch.com/product/8905745748779/300/TTJ6008693_1.JPG
trending,Women Jogger Jeans,https://www.getketch.com/product/tokyo-talkies-women-rose-jogger-jeans-TTJN002994,Rs. 699,https://getketchadmin.getketch.com/product/8905404525215/300/TTJN002994_1.jpg
trending,Printed A-Line Dress,https://www.getketch.com/product/ketch-women-blue-printed-a-line-dress-khj6000237,Rs. 849,https://getketchadmin.getketch.com/product/8905745567356/300/KHJ6000237_1.jpg
trending,Solid A-Line Dress,https://www.getketch.com/product/tokyo-talkies-women-green-solid-knitted-a-line-dress-ttj6009059,Rs. 379,https://getketchadmin.getketch.com/product/8905980027424/300/TTJ6009059_1.JPG
trending,Women Flared Jeans,https://www.getketch.com/product/tokyo-talkies-women-flared-jeans-TTJN003105,Rs. 719,https://getketchadmin.getketch.com/product/8905404740557/300/TTJN003105_1.JPG
trending,Self Design Bodycon Dress,https://www.getketch.com/product/tokyo-talkies-women-fuschia-black-self-design-bodycon-dress-ttj6008655,Rs. 489,https://getketchadmin.getketch.com/product/8905745743590/300/TTJ6008655_1.JPG
trendy,Men Solid Open Front Jacket,https://www.getketch.com/product/highlander-men-black-brown-solid-open-front-jacket-hljk001049,Rs. 679,https://getketchadmin.getketch.com/product/8905980675403/300/HLJK001049_1.jpg
trendy,Men Solid Open Front Jacket,https://www.getketch.com/product/highlander-men-black-brown-solid-open-front-jacket-hljk001049,Rs. 679,https://getketchadmin.getketch.com/product/8905980675403/300/HLJK001049_1.jpg
trendy,Printed Peplum Top,https://www.getketch.com/product/tokyo-talkies-women-yellow-floral-printed-peplum-top-TTTP003124,Rs. 379,https://getketchadmin.getketch.com/product/8905040195520/300/TTTP003124_1.JPG
trendy,Solid Puffer Jacket,https://www.getketch.com/product/highlander-men-black-puffer-jacket-phjk000001,Rs. 799,https://getketchadmin.getketch.com/product/8905980155738/300/PHJK000001_1.JPG
trendy,Men Solid Open Front Jacket,https://www.getketch.com/product/highlander-men-fluorescent-green-open-front-jacket-hljk000896,Rs. 769,https://getketchadmin.getketch.com/product/8905980326916/300/HLJK000896_1.JPG
trendy,Women Printed Sweatshirts,https://www.getketch.com/product/tokyo-talkies-women-black-casual-printed-sweat-shirt-TTSS000402,Rs. 489,https://getketchadmin.getketch.com/product/8905040462400/300/TTSS000402_1.JPG
trendy,Men Printed Open Front Jacket,https://www.getketch.com/product/highlander-men-white-blue-printed-open-front-jacket-hljk001057,Rs. 809,https://getketchadmin.getketch.com/product/8905980676080/300/HLJK001057_1.jpg
trendy,Women Printed Sweatshirts,https://www.getketch.com/product/tokyo-talkies-women-round-neck-sweat-shirt-TTSS000435,Rs. 539,https://getketchadmin.getketch.com/product/8905040796321/300/TTSS000435_1.JPG
trendy,Men Printed Bomber Jacket,https://www.getketch.com/product/highlander-men-black-printed-bomber-jacket-hlbj000003,Rs. 819,https://getketchadmin.getketch.com/product/8905980653487/300/HLBJ000003_1.jpg
trendy,Women Solid Jackets,https://www.getketch.com/product/tokyo-talkies-women-dark-blue-denim-jacket-TTJK000856,Rs. 959,https://getketchadmin.getketch.com/product/8905040484709/300/TTJK000856_1.JPG
trendy,Women Printed Jackets,https://www.getketch.com/product/tokyo-talkies-women-white-denim-jacket-TTJK000733,Rs. 1029,https://getketchadmin.getketch.com/product/8905040391144/300/TTJK000733_1.JPG
trendy,Women Solid Hoodie Sweatshirt,https://www.getketch.com/product/tokyo-talkies-women-black-hooded-front-open-sweat-shirt-TTSS000523,Rs. 599,https://getketchadmin.getketch.com/product/8905404291592/300/TTSS000523_1.jpg
trendy,Women Solid Hoodie Sweatshirt,https://www.getketch.com/product/tokyo-talkies-women-tokyo-talkies-womens-hooded-sweat-shirt-TTSS000661,Rs. 609,https://getketchadmin.getketch.com/product/8905404865502/300/TTSS000661_1.jpg
trendy,Men Solid Quilted Jacket,https://www.getketch.com/product/highlander-men-flourescent-green-solid-quilted-jacket-hljk000903,Rs. 769,https://getketchadmin.getketch.com/product/8905980327616/300/HLJK000903_1.JPG
trendy,Men Checked Bomber Jacket,https://www.getketch.com/product/highlander-men-grey-bomber-jacket-hljk001019,Rs. 899,https://getketchadmin.getketch.com/product/8905980566893/300/HLJK001019_1.JPG
trendy,Solid Puffer Jacket,https://www.getketch.com/product/highlander-men-light-grey-puffer-jacket-phjk000004,Rs. 799,https://getketchadmin.getketch.com/product/8905980155851/300/PHJK000004_1.JPG
trendy,Women Solid Jackets,https://www.getketch.com/product/tokyo-talkies-women-mustard-denim-jacket-TTJK000579,Rs. 1249,https://getketchadmin.getketch.com/product/8905040321837/300/TTJK000579_1.JPG
trendy,Women Solid Jackets,https://www.getketch.com/product/tokyo-talkies-women-light-blue-regular-fit-denim-jacket-TTJK000615,Rs. 1039,https://getketchadmin.getketch.com/product/8905040339870/300/TTJK000615_1.JPG
trendy,Women Colourblocked Hoodie Sweatshirt,https://www.getketch.com/product/tokyo-talkies-women-navy-blue-red-casual-colourblocked-crop-fit-sweatshirts-TTSS000207,Rs. 479,https://getketchadmin.getketch.com/product/8905040372907/300/TTSS000207_1.JPG
trendy,Women Colourblocked Sweatshirts,https://www.getketch.com/product/tokyo-talkies-women-round-neck-sweat-shirt-TTSS000460,Rs. 379,https://getketchadmin.getketch.com/product/8905040797328/300/TTSS000460_1.JPG
trendy,Women Printed Hoodie Sweatshirt,https://www.getketch.com/product/tokyo-talkies-women-white-black-casual-printed-crop-fit-sweatshirts-TTSS000232,Rs. 459,https://getketchadmin.getketch.com/product/8905040373881/300/TTSS000232_1.jpg
trendy,Women Solid Jackets,https://www.getketch.com/product/tokyo-talkies-women-mid-blue-denim-jacket-TTJK000624,Rs. 959,https://getketchadmin.getketch.com/product/8905040366128/300/TTJK000624_1.JPG
trendy,Printed Regular Top,https://www.getketch.com/product/tokyo-talkies-women-off-white-printed-top-TTTP001609,Rs. 359,https://getketchadmin.getketch.com/product/45370001503459/300/TTTP001609_1.JPG
trendy,Women Printed Hoodie Sweatshirt,https://www.getketch.com/product/tokyo-talkies-women-mustard-white-casual-printed-regular-fit-sweatshirts-TTSS000344,Rs. 599,https://getketchadmin.getketch.com/product/8905040419961/300/TTSS000344_1.jpg
trendy,Men Solid Bomber Jacket,https://www.getketch.com/product/highlander-men-dark-grey-bomber-jacket-hljk001016,Rs. 899,https://getketchadmin.getketch.com/product/8905980566596/300/1.jpg
trendy,Solid Puffer Jacket,https://www.getketch.com/product/ketch-men-coffee-brown-solid-puffer-jacket-khjk000004,Rs. 1139,https://getketchadmin.getketch.com/product/8905745188346/300/KHJK000004_1.jpg
trendy,Men Tapered Fit Jeans,https://www.getketch.com/product/highlander-men-indigo-tapered-fit-jeans-hljn003567,Rs. 609,https://getketchadmin.getketch.com/product/8905980479001/300/HLJN003567_1.JPG
trendy,Women Solid Jacket,https://www.getketch.com/product/tokyo-talkies-women-blue-open-front-jacket-ttjk001500,Rs. 629,https://getketchadmin.getketch.com/product/8905980513095/300/TTJK001500_1.JPG
trendy,Women Printed Sweatshirts,https://www.getketch.com/product/tokyo-talkies-women-black-casual-printed-sweat-shirt-TTSS000396,Rs. 489,https://getketchadmin.getketch.com/product/8905040462165/300/TTSS000396_1.JPG
trendy,Women Solid Jackets,https://www.getketch.com/product/tokyo-talkies-women-yellow-denim-jacket-TTJK000576,Rs. 1289,https://getketchadmin.getketch.com/product/8905040321714/300/TTJK000576_1.JPG
trendy,Women Solid Jackets,https://www.getketch.com/product/tokyo-talkies-women-royal-blue-denim-jacket-TTJK000573,Rs. 1299,https://getketchadmin.getketch.com/product/8905040321592/300/TTJK000573_1.JPG
trendy,Women Solid Sweatshirts,https://www.getketch.com/product/tokyo-talkies-women-black-round-neck-sweat-shirt-TTSS000500,Rs. 459,https://getketchadmin.getketch.com/product/8905404290670/300/TTSS000500_1.jpg
trendy,Trucker Fit Denim Jacket,https://www.getketch.com/product/locomotive-men-black-trucker-fit-denim-jacket-LMJK000702,Rs. 1479,https://getketchadmin.getketch.com/product/8905040439853/300/LMJK000702_jes1.JPG
trendy,Solid Open Front Jacket,https://www.getketch.com/product/highlander-men-black-solid-open-front-jacket-hljk001006,Rs. 909,https://getketchadmin.getketch.com/product/8905980553633/300/HLJK001006_1.JPG
trendy,Women Printed Sweatshirts,https://www.getketch.com/product/tokyo-talkies-women-black-gold-casual-printed-regular-fit-sweatshirts-TTSS000389,Rs. 469,https://getketchadmin.getketch.com/product/8905040461892/300/TTSS000389-1.JPG
trendy,Women Printed Sweatshirts,https://www.getketch.com/product/tokyo-talkies-women-black-white-casual-printed-sweat-shirt-TTSS000370,Rs. 549,https://getketchadmin.getketch.com/product/8905040425146/300/TTSS000370_1.JPG
trendy,Women Solid Jackets,https://www.getketch.com/product/tokyo-talkies-women-teal-regular-fit-puffer-jacket-TTJK000921,Rs. 1669,https://getketchadmin.getketch.com/product/8905040765914/300/8c3b061f_1.JPG
trendy,Solid Jackets,https://www.getketch.com/product/highlander-men-puffer-jacket-hljk000760,Rs. 1449,https://getketchadmin.getketch.com/product/8905745187493/300/HLJK000760_1.JPG
trendy,Women Printed Sweatshirts,https://www.getketch.com/product/tokyo-talkies-women-neomint-casual-printed-regular-fit-sweatshirts-TTSS000437,Rs. 559,https://getketchadmin.getketch.com/product/8905040796420/300/TTSS000437_1.jpg
trendy,Women Printed Jacket,https://www.getketch.com/product/tokyo-talkies-women-off-white-open-front-jacket-ttjk001562,Rs. 519,https://getketchadmin.getketch.com/product/8905980627204/300/TTJK001562_1.JPG
trendy,Striped Shirt Style Top,https://www.getketch.com/product/tokyo-talkies-women-white-striped-shirt-style-top-TTTP002687,Rs. 329,https://getketchadmin.getketch.com/product/8907787905653/300/TTTP002687_1.JPG
trendy,Checked Regular Top,https://www.getketch.com/product/tokyo-talkies-women-black-white-checked-regular-top-TTTP002661,Rs. 299,https://getketchadmin.getketch.com/product/8907787850205/300/TTTP002661_1.JPG
trendy,Men Solid Denim Jacket,https://www.getketch.com/product/highlander-men-white-solid-denim-jacket-hljk001004,Rs. 909,https://getketchadmin.getketch.com/product/8905980553435/300/HLJK001004_1.jpg
trendy,Printed Regular Top,https://www.getketch.com/product/tokyo-talkies-women-black-embroidered-sheer-top-TTT5000005,Rs. 439,https://getketchadmin.getketch.com/product/8907787843474/300/TTT5000005_1.JPG
trendy,Women Solid Hoodie Sweatshirt,https://www.getketch.com/product/tokyo-talkies-women-black-solid-hooded-pullover-sweat-shirt-ttss000806,Rs. 569,https://getketchadmin.getketch.com/product/8905745243014/300/TTSS000806_1.jpg
trendy,Men Solid Open Front Jacket,https://www.getketch.com/product/highlander-men-black-open-front-jacket-hljk000906,Rs. 839,https://getketchadmin.getketch.com/product/8905980327913/300/HLJK000906_1.JPG
trendy,Women Printed Hoodie Sweatshirt,https://www.getketch.com/product/tokyo-talkies-women-black-white-casual-printed-sweat-shirt-TTSS000246,Rs. 439,https://getketchadmin.getketch.com/product/8905040374468/300/TTSS000246_1.JPG
trendy,Women Solid Sweatshirts,https://www.getketch.com/product/tokyo-talkies-women-ceramic-casual-printed-regular-fit-sweatshirts-TTSS000434,Rs. 379,https://getketchadmin.getketch.com/product/8905040796284/300/TTSS000434_1.jpg
trendy,Men Solid Jackets,https://www.getketch.com/product/highlander-men-rust-puffer-jacket-hljk000784,Rs. 949,https://getketchadmin.getketch.com/product/8905745192626/300/HLJK000784_1.jpg
trendy,Women Solid Jackets,https://www.getketch.com/product/tokyo-talkies-women-lilac-denim-jacket-TTJK000597,Rs. 1249,https://getketchadmin.getketch.com/product/8905040322902/300/TTJK000597_1.JPG
trendy,Women Solid Hoodie Sweatshirt,https://www.getketch.com/product/tokyo-talkies-women-pink-solid-hooded-front-open-sweat-shirt-ttss000670,Rs. 559,https://getketchadmin.getketch.com/product/8905404865861/300/TTSS000670_1.jpg
trendy,Solid Open Front Jacket,https://www.getketch.com/product/highlander-men-highlander-grey-cotton-jacket-HLJK000620,Rs. 1159,https://getketchadmin.getketch.com/product/8905404045959/300/HLJK000620_1.jpg
trendy,Solid Tailored Jacket,https://www.getketch.com/product/highlander-men-china-blue-solid-tailored-jacket-HLJK000749,Rs. 1729,https://getketchadmin.getketch.com/product/8905404479549/300/HLJK000749_1.jpg
trendy,Women Solid Jackets,https://www.getketch.com/product/tokyo-talkies-women-emerald-denim-jacket-TTJK000600,Rs. 929,https://getketchadmin.getketch.com/product/8905040323671/300/TTJK000600_1.JPG
trendy,Women Solid Sweatshirts,https://www.getketch.com/product/tokyo-talkies-women-round-neck-sweatshirt-TTSS000467,Rs. 349,https://getketchadmin.getketch.com/product/8905040797601/300/TTSS000467_1.JPG
trendy,Women Solid Jackets,https://www.getketch.com/product/tokyo-talkies-women-burgandy-retro-jacket-TTJK001325,Rs. 1539,https://getketchadmin.getketch.com/product/8905404352088/300/TTJK001325_1.jpg
trendy,Women Printed Jackets,https://www.getketch.com/product/tokyo-talkies-women-red-regular-fit-denim-jacket-TTJK000591,Rs. 1249,https://getketchadmin.getketch.com/product/8905040322674/300/TTJK000591-1.jpg
trendy,Women Solid Hoodie Sweatshirt,https://www.getketch.com/product/tokyo-talkies-women-red-white-casual-solid-sweat-shirt-TTSS000220,Rs. 479,https://getketchadmin.getketch.com/product/8905040373423/300/TTSS000220_1.JPG
trendy,Women Printed Hoodie Sweatshirt,https://www.getketch.com/product/tokyo-talkies-women-light-pink-hooded-crop-sweat-shirt-TTSS000418,Rs. 439,https://getketchadmin.getketch.com/product/8905040751023/300/TTSS000418_0.jpg
trendy,Light Olive Tailored Jacket,https://www.getketch.com/product/highlander-men-light-olive-tailored-jacket-HLJK000321,Rs. 1469,https://getketchadmin.getketch.com/product/8905040492384/300/HLJK000321_1.JPG
trendy,Colourblocked Front Open Jacket,https://www.getketch.com/product/locomotive-men-royal-navy-blue-open-front-jacket-LMJK000713,Rs. 1569,https://getketchadmin.getketch.com/product/8905040442150/300/LMJK000713_1.jpg
womens,Women Solid Sweater,https://www.getketch.com/product/tokyo-talkies-women-lavender-knitted-round-neck-sweater-ptsw000008,Rs. 539,https://getketchadmin.getketch.com/product/8909107178709/300/PTSW000008_1.jpg
womens,Women Solid Sweater,https://www.getketch.com/product/tokyo-talkies-women-lavender-knitted-round-neck-sweater-ptsw000008,Rs. 539,https://getketchadmin.getketch.com/product/8909107178709/300/PTSW000008_1.jpg
womens,Women Kurta With Palazzos,https://www.getketch.com/product/vishudh-women-off-white-printed-kurta-with-palazzos-pvk3000188,Rs. 1229,https://getketchadmin.getketch.com/product/8909107303620/300/PVK3000188_1.jpg
womens,Women Solid Sweater,https://www.getketch.com/product/tokyo-talkies-women-white-knitted-round-neck-sweater-ptsw000035,Rs. 419,https://getketchadmin.getketch.com/product/8909107195195/300/PTSW000035_1.jpg
womens,Women Top With Trousers Co-Ords,https://www.getketch.com/product/tokyo-talkies-women-blue-top-with-trousers-co-ords-ttce001082,Rs. 1029,https://getketchadmin.getketch.com/product/8909107080453/300/TTCE001082_1.jpg
womens,Women Solid Trench Coat,https://www.getketch.com/product/tokyo-talkies-women-beige-trench-coat-ttjk001615,Rs. 1269,https://getketchadmin.getketch.com/product/8909107249911/300/TTJK001615_1.jpg
womens,Women Checked Casual Shirt,https://www.getketch.com/product/tokyo-talkies-women-pink-checked-ovesized-fit-casual-shirt-ttos000104,Rs. 669,https://getketchadmin.getketch.com/product/8905980859360/300/TTOS000104_1.jpg
womens,Women Top With Trousers Co-Ords,https://www.getketch.com/product/vishudh-women-purple-top-with-trousers-co-ords-vncs000290,Rs. 579,https://getketchadmin.getketch.com/product/8909107256193/300/VNCS000290_1.jpg
womens,Women Kurta With Palazzos,https://www.getketch.com/product/vishudh-women-off-white-printed-kurta-with-palazzos-pvk3000187,Rs. 1229,https://getketchadmin.getketch.com/product/8909107303569/300/PVK3000187_1.jpg
womens,Women Kurta With Trousers & Dupatta,https://www.getketch.com/product/vishudh-women-black-printed-kurta-with-trousers-and-dupatta-vpk3000679,Rs. 1619,https://getketchadmin.getketch.com/product/8909107091220/300/VPK3000679_1.JPG
womens,Women Colourblocked Jacket,https://www.getketch.com/product/tokyo-talkies-women-black-bomber-crop-jacket-ttjk001609,Rs. 959,https://getketchadmin.getketch.com/product/8909107108133/300/TTJK001609_1.jpg
womens,Women Checked Oversized Fit Casual Shirt,https://www.getketch.com/product/tokyo-talkies-women-blue-checked-oversized-fit-casual-shirt-ttos000118,Rs. 779,https://getketchadmin.getketch.com/product/8905980859926/300/TTOS000118_1.JPG
womens,Women Checked Casual Shirt,https://www.getketch.com/product/tokyo-talkies-women-teal-checked-regular-fit-casual-shirt-ttsh001785,Rs. 749,https://getketchadmin.getketch.com/product/8905980941935/300/TTSH001785_1.jpg
womens,Women Kurta With Trousers & Dupatta,https://www.getketch.com/product/vishudh-women-yellow-printed-kurta-with-trousers-and-dupatta-vnk3007373,Rs. 1279,https://getketchadmin.getketch.com/product/8909107277495/300/VNK3007373_1.JPG
womens,Women Kurta With Trousers,https://www.getketch.com/product/vishudh-women-white-printed-kurta-with-trousers-vnk3007380,Rs. 1049,https://getketchadmin.getketch.com/product/8909107289153/300/VNK3007380_1.JPG
womens,Women Embroidered Jackets,https://www.getketch.com/product/vishudh-women-black-open-front-ethnic-jacket-vpa1000190,Rs. 2829,https://getketchadmin.getketch.com/product/8909107204002/300/VPA1000190_1.JPG
womens,Women Kurta With Trousers & Dupatta,https://www.getketch.com/product/vishudh-women-grey-printed-a-line-pintunk-kurta-with-v-nck-printed-trouser-and-printed-dupatta-vnk3007210,Rs. 1229,https://getketchadmin.getketch.com/product/8909107167345/300/VNK3007210_1.JPG
womens,Women Kurta with Palazzo & Jacket,https://www.getketch.com/product/vishudh-women-green-solid-crop-top-with-flared-palazzo-and-jacket-VNK3003729,Rs. 1049,https://getketchadmin.getketch.com/product/8905404932891/300/VNK3003729_1.jpg
womens,Women Checked Casual Shirt,https://www.getketch.com/product/tokyo-talkies-women-brown-checked-oversized-fit-casual-shirt-ttos000119,Rs. 709,https://getketchadmin.getketch.com/product/8905980859964/300/TTOS000119_1.JPG
womens,Women Straight Fit Jeans,https://www.getketch.com/product/ketch-women-black-straight-fit-stretchable-jeans-pkjn000003,Rs. 499,https://getketchadmin.getketch.com/product/8905980227770/300/PKJN000003_1.jpg
womens,Women Solid Sweater,https://www.getketch.com/product/tokyo-talkies-women-black-knitted-round-neck-sweater-ptsw000034,Rs. 419,https://getketchadmin.getketch.com/product/8909107195157/300/PTSW000034_1.jpg
womens,Women Tunic With Trousers Co-Ords,https://www.getketch.com/product/vishudh-women-blue-tunic-with-trousers-co-ords-vncs000198,Rs. 799,https://getketchadmin.getketch.com/product/8909107186674/300/VNCS000198_1.JPG
womens,Women Waistcoat With Pant Co-ords,https://www.getketch.com/product/ketch-women-plum-waistcoat-with-pant-khce000065,Rs. 749,https://getketchadmin.getketch.com/product/8905745570653/300/KHCE000065_1.JPG
womens,Women Kurta With Trousers,https://www.getketch.com/product/vishudh-women-green-printed-kurta-with-trousers-vnk3007397,Rs. 1049,https://getketchadmin.getketch.com/product/8909107291453/300/VNK3007397_1.jpg
womens,Women Kurta With Trousers,https://www.getketch.com/product/vishudh-women-white-printed-kurta-with-trousers-vnk3007378,Rs. 1049,https://getketchadmin.getketch.com/product/8909107289030/300/VNK3007378_1.JPG
womens,Women Kurta With Trousers & Dupatta,https://www.getketch.com/product/vishudh-women-blue-printed-kurta-with-trousers-and-dupatta-vnk3007372,Rs. 1279,https://getketchadmin.getketch.com/product/8909107277433/300/VNK3007372_1.JPG
womens,Women Kurta With Palazzos,https://www.getketch.com/product/vishudh-women-off-white-printed-kurta-with-palazzos-pvk3000186,Rs. 1229,https://getketchadmin.getketch.com/product/8909107303507/300/PVK3000186_1.JPG
womens,Women Solid Sweater,https://www.getketch.com/product/tokyo-talkies-women-olive-pullover-sweater-ptsw000021,Rs. 499,https://getketchadmin.getketch.com/product/8909107179225/300/PTSW000021_1.jpg
womens,Women Striped Casual Shirt,https://www.getketch.com/product/tokyo-talkies-women-blue-white-regular-fit-striped-casual-shirt-TTSH000982,Rs. 439,https://getketchadmin.getketch.com/product/8905040745503/300/TTSH000982_1.JPG
womens,Women Top With Trousers Co-Ords,https://www.getketch.com/product/tokyo-talkies-women-teal-solid-partywear-kaftan-top-with-trouser-co-ord-set-ttcs000151,Rs. 739,https://getketchadmin.getketch.com/product/8909107317269/300/TTCS000151_1.jpg
womens,Women Kurta With Trousers & Dupatta,https://www.getketch.com/product/vishudh-women-brown-printed-kurta-with-trousers-and-dupatta-vnk3007416,Rs. 1019,https://getketchadmin.getketch.com/product/8909107313032/300/VNK3007416_1.JPG
womens,Women Kurta With Trousers & Dupatta,https://www.getketch.com/product/vishudh-women-navy-blue-printed-kurta-with-trousers-and-dupatta-vnk3007414,Rs. 1019,https://getketchadmin.getketch.com/product/8909107312912/300/VNK3007414_1.JPG
womens,Women Kurta With Trousers & Dupatta,https://www.getketch.com/product/vishudh-women-teal-printed-kurta-with-trousers-and-dupatta-vnk3007415,Rs. 1019,https://getketchadmin.getketch.com/product/8909107312974/300/VNK3007415_1.JPG
womens,Women Kurta With Trousers & Dupatta,https://www.getketch.com/product/vishudh-women-white-kurta-with-trousers-and-dupatta-vnk3007289,Rs. 1249,https://getketchadmin.getketch.com/product/8909107192637/300/VNK3007289_1.JPG
womens,Women Kurta With Trousers & Dupatta,https://www.getketch.com/product/vishudh-women-black-printed-kurta-with-trousers-and-dupatta-vpk3000697,Rs. 2499,https://getketchadmin.getketch.com/product/8909107092173/300/VPK3000697_1.JPG
womens,Women Top with Straight Fit Trouser Co-ords,https://www.getketch.com/product/tokyo-talkies-women-pink-crop-top-with-straight-fit-flared-trouser-TTCS000012,Rs. 429,https://getketchadmin.getketch.com/product/8905404759412/300/TTCS000012_1.jpg
womens,Women Kurta With Trousers & Dupatta,https://www.getketch.com/product/vishudh-women-white-printed-kurta-with-trousers-and-dupatta-vnk3007220,Rs. 1049,https://getketchadmin.getketch.com/product/8909107168984/300/VNK3007220_1.JPG
womens,Women Flared Jeans,https://www.getketch.com/product/tokyo-talkies-women-light-blue-regular-fit-jeans-TTJN003080,Rs. 659,https://getketchadmin.getketch.com/product/8905404708755/300/TTJN003080_1.jpg
womens,Women Kurta With Trousers & Dupatta,https://www.getketch.com/product/vishudh-women-white-blue-kurta-with-pant-and-dupatta-vpk3000280,Rs. 1859,https://getketchadmin.getketch.com/product/8905980997635/300/VPK3000280_1.JPG
womens,Women Tunic With Palazzos Co-Ords,https://www.getketch.com/product/vishudh-women-cream-tunic-with-palazzos-co-ords-vncs000180,Rs. 1199,https://getketchadmin.getketch.com/product/8909107165921/300/VNCS000180_1.JPG
womens,Women Kurta With Trousers & Dupatta,https://www.getketch.com/product/vishudh-women-white-printed-kurta-with-trousers-and-dupatta-vnk3007272,Rs. 1049,https://getketchadmin.getketch.com/product/8909107186391/300/VNK3007272_1.JPG
girls,Girls Printed Round Neck T-Shirt,https://www.getketch.com/product/hoop-girls-lemon-yellow-printed-round-neck-t-shirt-hots000129,Rs. 299,https://getketchadmin.getketch.com/product/8905980106310/300/HOTS000129_1.jpg
girls,Girls Printed Round Neck T-Shirt,https://www.getketch.com/product/hoop-girls-lemon-yellow-printed-round-neck-t-shirt-hots000129,Rs. 299,https://getketchadmin.getketch.com/product/8905980106310/300/HOTS000129_1.jpg
girls,Girls Printed Round Neck T-Shirt,https://www.getketch.com/product/hoop-girls-white-printed-regular-fit-cotton-t-shirt-hots000128,Rs. 299,https://getketchadmin.getketch.com/product/8905980106280/300/HOTS000128_1.jpg
girls,Girls Printed Round Neck T-Shirt,https://www.getketch.com/product/hoop-girls-navy-printed-regular-fit-cotton-t-shirt-hots000123,Rs. 299,https://getketchadmin.getketch.com/product/8905980106136/300/HOTS000123_1.jpg
girls,Girls Printed Round Neck T-Shirt,https://www.getketch.com/product/hoop-girls-sea-green-printed-regular-fit-cotton-kids-t-shirt-hots000116,Rs. 299,https://getketchadmin.getketch.com/product/8905980105924/300/1.jpg
girls,Girls Printed Round Neck T-Shirt,https://www.getketch.com/product/hoop-girls-lemon-yellow-printed-round-neck-t-shirt-hots000127,Rs. 299,https://getketchadmin.getketch.com/product/8905980106259/300/HOTS000127_1.jpg
girls,Girls Printed Round Neck T-Shirt,https://www.getketch.com/product/hoop-girls-peach-printed-round-neck-t-shirt-hots000147,Rs. 299,https://getketchadmin.getketch.com/product/8905980107003/300/HOTS000147_1.jpg
girls,Girls Printed Round Neck T-Shirt,https://www.getketch.com/product/hoop-girls-navy-printed-regular-fit-cotton-t-shirt-hots000060,Rs. 299,https://getketchadmin.getketch.com/product/8905980014974/300/HOTS000060_1.jpg
girls,Girls Solid Sweatshirts,https://www.getketch.com/product/hoop-girls-yellow-solid-round-neck-sweatshirt-hoss000109,Rs. 359,https://getketchadmin.getketch.com/product/8905980591116/300/HOSS000109_1.jpg
girls,Girls Printed Round Neck T-Shirt,https://www.getketch.com/product/hoop-girls-white-printed-regular-fit-cotton-kids-t-shirt-hots000146,Rs. 299,https://getketchadmin.getketch.com/product/8905980106969/300/HOTS000146_1.jpg
girls,Girls Printed Round Neck T-Shirt,https://www.getketch.com/product/hoop-girls-pink-printed-regular-fit-cotton-t-shirt-hots000081,Rs. 299,https://getketchadmin.getketch.com/product/8905980015605/300/HOTS000081_1.jpg
girls,Girls Solid Round Neck T-Shirt,https://www.getketch.com/product/hoop-girls-yellow-round-neck-short-sleeve-kids-t-shirt-hots000044,Rs. 249,https://getketchadmin.getketch.com/product/8905745953913/300/HOTS000044_1.jpg
girls,Girls Solid Round Neck T-Shirt,https://www.getketch.com/product/hoop-girls-peach-round-neck-short-sleeve-kids-t-shirt-hots000050,Rs. 249,https://getketchadmin.getketch.com/product/8905745954156/300/HOTS000050_1.jpg
girls,Girls Printed Round Neck T-Shirt,https://www.getketch.com/product/hoop-girls-lemon-yellow-printed-round-neck-t-shirt-hots000145,Rs. 299,https://getketchadmin.getketch.com/product/8905980106921/300/HOTS000145_1.jpg
girls,Girls Printed Round Neck T-Shirt,https://www.getketch.com/product/hoop-girls-pink-printed-round-neck-t-shirt-hots000124,Rs. 299,https://getketchadmin.getketch.com/product/8905980106167/300/HOTS000124_1.jpg
girls,Girls Printed Round Neck T-Shirt,https://www.getketch.com/product/hoop-girls-lemon-yellow-printed-round-neck-t-shirt-hots000139,Rs. 299,https://getketchadmin.getketch.com/product/8905980106686/300/HOTS000139_1.jpg
girls,Girls Printed Round Neck T-Shirt,https://www.getketch.com/product/hoop-girls-white-printed-regular-fit-cotton-t-shirt-hots000080,Rs. 299,https://getketchadmin.getketch.com/product/8905980015575/300/HOTS000080_1.jpg
girls,Girls Printed Round Neck T-Shirt,https://www.getketch.com/product/hoop-girls-white-printed-regular-fit-cotton-kids-t-shirt-hots000140,Rs. 299,https://getketchadmin.getketch.com/product/8905980106723/300/HOTS000140_1.jpg
girls,Girls Printed Round Neck T-Shirt,https://www.getketch.com/product/hoop-girls-aqua-blue-printed-round-neck-t-shirt-hots000121,Rs. 299,https://getketchadmin.getketch.com/product/8905980106075/300/HOTS000121_1.jpg
girls,Girls Printed Round Neck T-Shirt,https://www.getketch.com/product/hoop-girls-white-printed-regular-fit-cotton-t-shirt-hots000120,Rs. 299,https://getketchadmin.getketch.com/product/8905980106044/300/HOTS000120_1.JPG
girls,Girls Printed Round Neck T-Shirt,https://www.getketch.com/product/hoop-girls-black-printed-regular-fit-cotton-t-shirt-hots000130,Rs. 299,https://getketchadmin.getketch.com/product/8905980106341/300/HOTS000130_1.jpg
girls,Girls Printed Round Neck T-Shirt,https://www.getketch.com/product/hoop-girls-pink-printed-round-neck-t-shirt-hots000142,Rs. 299,https://getketchadmin.getketch.com/product/8905980106808/300/HOTS000142_1.jpg
girls,Girls Printed Round Neck T-Shirt,https://www.getketch.com/product/hoop-girls-peach-printed-round-neck-t-shirt-hots000149,Rs. 299,https://getketchadmin.getketch.com/product/8905980107089/300/HOTS000149_1.jpg
girls,Girls Printed Round Neck T-Shirt,https://www.getketch.com/product/hoop-girls-navy-printed-regular-fit-cotton-t-shirt-hots000117,Rs. 299,https://getketchadmin.getketch.com/product/8905980105955/300/HOTS000117_1.jpg
girls,Girls Printed Round Neck T-Shirt,https://www.getketch.com/product/hoop-girls-olive-green-printed-round-neck-t-shirt-hots000144,Rs. 299,https://getketchadmin.getketch.com/product/8905980106884/300/HOTS000144_1.jpg
girls,Girls Printed Round Neck T-Shirt,https://www.getketch.com/product/hoop-girls-white-printed-regular-fit-cotton-kids-t-shirt-hots000137,Rs. 299,https://getketchadmin.getketch.com/product/8905980106600/300/HOTS000137_1.jpg
girls,Girls Printed Round Neck T-Shirt,https://www.getketch.com/product/hoop-girls-sea-green-printed-regular-fit-cotton-t-shirt-hots000126,Rs. 299,https://getketchadmin.getketch.com/product/8905980106228/300/HOTS000126_1.jpg
girls,Girls Printed Round Neck T-Shirt,https://www.getketch.com/product/hoop-girls-white-printed-regular-fit-cotton-kids-t-shirt-hots000143,Rs. 299,https://getketchadmin.getketch.com/product/8905980106846/300/HOTS000143_1.jpg
girls,Girls Printed Round Neck T-Shirt,https://www.getketch.com/product/hoop-girls-sea-green-printed-regular-fit-cotton-t-shirt-hots000122,Rs. 299,https://getketchadmin.getketch.com/product/8905980106105/300/HOTS000122_1.JPG
girls,Girls Embroidered Sweatshirts,https://www.getketch.com/product/hoop-girls-pink-embroidered-hooded-sweatshirt-hoss000108,Rs. 359,https://getketchadmin.getketch.com/product/8905980591086/300/HOSS000108_1.jpg
girls,Girls Solid Round Neck T-Shirt,https://www.getketch.com/product/hoop-girls-white-round-neck-short-sleeve-kids-t-shirt-hots000014,Rs. 249,https://getketchadmin.getketch.com/product/8905745952725/300/HOTS000014_1.jpg
girls,Girls Solid Round Neck T-Shirt,https://www.getketch.com/product/hoop-girls-green-round-neck-short-sleeve-kids-t-shirt-hots000046,Rs. 249,https://getketchadmin.getketch.com/product/8905745953999/300/HOTS000046_1.jpg
girls,Girls Embroidered Sweatshirts,https://www.getketch.com/product/hoop-girls-grey-melange-embroidered-hooded-sweatshirt-hoss000106,Rs. 359,https://getketchadmin.getketch.com/product/8905980591024/300/HOSS000106_1.jpg
girls,Girls Printed Round Neck T-Shirt,https://www.getketch.com/product/hoop-girls-white-printed-regular-fit-cotton-kids-t-shirt-hots000148,Rs. 299,https://getketchadmin.getketch.com/product/8905980107041/300/HOTS000148_1.jpg
girls,Girls Printed Round Neck T-Shirt,https://www.getketch.com/product/hoop-girls-aqua-blue-printed-round-neck-t-shirt-hots000131,Rs. 299,https://getketchadmin.getketch.com/product/8905980106372/300/HOTS000131_1.jpg
girls,Girls Printed Round Neck T-Shirt,https://www.getketch.com/product/hoop-girls-white-printed-regular-fit-cotton-t-shirt-hots000118,Rs. 299,https://getketchadmin.getketch.com/product/8905980105986/300/HOTS000118_1.JPG
girls,Girls Printed Round Neck T-Shirt,https://www.getketch.com/product/hoop-girls-black-printed-regular-fit-cotton-t-shirt-hots000135,Rs. 299,https://getketchadmin.getketch.com/product/8905980106525/300/HOTS000135_1.jpg
girls,Girls Solid Round Neck T-Shirt,https://www.getketch.com/product/hoop-girls-red-round-neck-short-sleeve-kids-t-shirt-hots000045,Rs. 249,https://getketchadmin.getketch.com/product/8905745953951/300/HOTS000045_1.jpg
girls,Girls Solid Round Neck T-Shirt,https://www.getketch.com/product/hoop-girls-pink-round-neck-short-sleeve-kids-t-shirt-hots000025,Rs. 249,https://getketchadmin.getketch.com/product/8905745953050/300/HOTS000025_1.jpg
girls,Girls Solid Sweatshirts,https://www.getketch.com/product/hoop-girls-pink-solid-round-neck-sweatshirt-hoss000011,Rs. 369,https://getketchadmin.getketch.com/product/8905980587546/300/HOSS000011_1.jpg
girls,Girls Solid Round Neck T-Shirt,https://www.getketch.com/product/hoop-girls-sea-green-round-neck-short-sleeve-kids-t-shirt-hots000047,Rs. 249,https://getketchadmin.getketch.com/product/8905745954033/300/HOTS000047_1.jpg
girls,Girls Printed Round Neck T-Shirt,https://www.getketch.com/product/hoop-girls-sea-green-printed-regular-fit-cotton-t-shirt-hots000125,Rs. 299,https://getketchadmin.getketch.com/product/8905980106198/300/HOTS000125_1.JPG
girls,Girls Printed Round Neck T-Shirt,https://www.getketch.com/product/hoop-girls-peach-printed-regular-fit-cotton-t-shirt-hots000082,Rs. 299,https://getketchadmin.getketch.com/product/8905980015636/300/HOTS000082_1.jpg
girls,Girls Solid Round Neck T-Shirt,https://www.getketch.com/product/hoop-girls-red-round-neck-short-sleeve-kids-t-shirt-hots000019,Rs. 249,https://getketchadmin.getketch.com/product/8905745952879/300/HOTS000019_1.jpg
girls,Girls Printed Round Neck T-Shirt,https://www.getketch.com/product/hoop-girls-sea-green-printed-regular-fit-cotton-kids-t-shirt-hots000141,Rs. 299,https://getketchadmin.getketch.com/product/8905980106761/300/HOTS000141_1.jpg
girls,Girls Solid Round Neck T-Shirt,https://www.getketch.com/product/hoop-girls-pink-round-neck-short-sleeve-kids-t-shirt-hots000023,Rs. 249,https://getketchadmin.getketch.com/product/8905745952992/300/HOTS000023_1.jpg
girls,Girls Solid Round Neck T-Shirt,https://www.getketch.com/product/hoop-girls-pink-round-neck-short-sleeve-kids-t-shirt-hots000048,Rs. 249,https://getketchadmin.getketch.com/product/8905745954071/300/HOTS000048_1.jpg
girls,Girls Solid Sweatshirts,https://www.getketch.com/product/hoop-girls-pink-solid-hoodie-sweatshirt-hoss000015,Rs. 469,https://getketchadmin.getketch.com/product/8905980587706/300/HOSS000015_1.jpg
girls,Girls Solid Round Neck T-Shirt,https://www.getketch.com/product/hoop-girls-black-round-neck-short-sleeve-kids-t-shirt-hots000015,Rs. 249,https://getketchadmin.getketch.com/product/8905745952756/300/HOTS000015_1.jpg
girls,Girls Solid Round Neck T-Shirt,https://www.getketch.com/product/hoop-girls-blue-round-neck-short-sleeve-kids-t-shirt-hots000017,Rs. 249,https://getketchadmin.getketch.com/product/8905745952817/300/HOTS000017_1.jpg
girls,Girls Solid Round Neck T-Shirt,https://www.getketch.com/product/hoop-girls-blue-round-neck-short-sleeve-kids-t-shirt-hots000043,Rs. 249,https://getketchadmin.getketch.com/product/8905745953876/300/HOTS000043_1.jpg
girls,Girls Printed Round Neck T-Shirt,https://www.getketch.com/product/hoop-girls-mustard-printed-round-neck-t-shirt-hots000138,Rs. 299,https://getketchadmin.getketch.com/product/8905980106648/300/HOTS000138_1.jpg
girls,Girls Solid Round Neck T-Shirt,https://www.getketch.com/product/hoop-girls-sea-green-round-neck-short-sleeve-kids-t-shirt-hots000021,Rs. 249,https://getketchadmin.getketch.com/product/8905745952930/300/HOTS000021_1.jpg
girls,Girls Solid Round Neck T-Shirt,https://www.getketch.com/product/hoop-girls-navy-blue-round-neck-short-sleeve-kids-t-shirt-hots000016,Rs. 249,https://getketchadmin.getketch.com/product/8905745952787/300/HOTS000016_1.jpg
girls,Girls Printed Round Neck T-Shirt,https://www.getketch.com/product/hoop-girls-navy-printed-regular-fit-cotton-t-shirt-hots000136,Rs. 299,https://getketchadmin.getketch.com/product/8905980106563/300/HOTS000136_1.jpg
girls,Girls Printed Round Neck T-Shirt,https://www.getketch.com/product/hoop-girls-white-printed-regular-fit-cotton-t-shirt-hots000059,Rs. 299,https://getketchadmin.getketch.com/product/8905980014943/300/HOTS000059_1.jpg
girls,Girls Solid Round Neck T-Shirt,https://www.getketch.com/product/hoop-girls-peach-round-neck-short-sleeve-kids-t-shirt-hots000024,Rs. 249,https://getketchadmin.getketch.com/product/8905745953029/300/HOTS000024_1.jpg
girls,Girls Solid Round Neck T-Shirt,https://www.getketch.com/product/hoop-girls-white-round-neck-short-sleeve-kids-t-shirt-hots000040,Rs. 249,https://getketchadmin.getketch.com/product/8905745953753/300/HOTS000040_1.jpg
girls,Girls Solid Round Neck T-Shirt,https://www.getketch.com/product/hoop-girls-yellow-round-neck-short-sleeve-kids-t-shirt-hots000018,Rs. 249,https://getketchadmin.getketch.com/product/8905745952848/300/HOTS000018_1.jpg
girls,Girls Solid Sweatshirts,https://www.getketch.com/product/hoop-girls-pink-solid-round-neck-sweatshirt-hoss000101,Rs. 289,https://getketchadmin.getketch.com/product/8905980590874/300/HOSS000101_1.jpg
girls,Girls Printed Round Neck T-Shirt,https://www.getketch.com/product/hoop-girls-black-printed-regular-fit-cotton-t-shirt-hots000061,Rs. 299,https://getketchadmin.getketch.com/product/8905980015001/300/HOTS000061_1.jpg
ootd,Women Top With Trousers Co-Ords,https://www.getketch.com/product/vishudh-women-off-white-top-with-trousers-co-ords-vpcs000031,Rs. 1519,https://getketchadmin.getketch.com/product/8909107063241/300/VPCS000031_1.JPG
ootd,Women Top With Trousers Co-Ords,https://www.getketch.com/product/vishudh-women-off-white-top-with-trousers-co-ords-vpcs000031,Rs. 1519,https://getketchadmin.getketch.com/product/8909107063241/300/VPCS000031_1.JPG
ootd,Women Shirt With Trousers Co-Ords,https://www.getketch.com/product/vishudh-women-pink-shirt-with-trousers-co-ords-vncs000155,Rs. 799,https://getketchadmin.getketch.com/product/8909107057554/300/VNCS000155_1.jpg
ootd,Women Coat With Trousers Co-Ords,https://www.getketch.com/product/vishudh-women-black-coat-with-trousers-co-ords-vpcs000044,Rs. 4619,https://getketchadmin.getketch.com/product/8909107204194/300/VPCS000044_1.JPG
ootd,Women Top With Trouser Co-Ords,https://www.getketch.com/product/vishudh-women-blue-white-top-with-trouser-co-ords-vncs000073,Rs. 689,https://getketchadmin.getketch.com/product/8905980649046/300/VNCS000073_1.JPG
ootd,Women Top With Trouser Co-Ords,https://www.getketch.com/product/vishudh-women-lavender-top-with-trouser-co-ords-vncs000116,Rs. 659,https://getketchadmin.getketch.com/product/8905980798393/300/VNCS000116_1.jpg
ootd,Women Top With Palazzo Co-Ords,https://www.getketch.com/product/vishudh-women-off-white-top-with-palazzo-co-ords-vncs000122,Rs. 1219,https://getketchadmin.getketch.com/product/8905980915370/300/VNCS000122_1.jpg
ootd,Women Shirt With Trouser Co-Ords,https://www.getketch.com/product/vishudh-women-green-shirt-with-trouser-co-ords-vncs000103,Rs. 1177,https://getketchadmin.getketch.com/product/8905980681893/300/VNCS000103_1.jpg
ootd,Women Top With Trouser Co-Ords,https://www.getketch.com/product/vishudh-women-cream-multi-top-with-trouser-co-ords-vncs000057,Rs. 829,https://getketchadmin.getketch.com/product/8905980399897/300/VNCS000057_1.jpg
ootd,Women Shirt With Trousers Co-Ords,https://www.getketch.com/product/vishudh-women-green-shirt-with-trousers-co-ords-vncs000156,Rs. 799,https://getketchadmin.getketch.com/product/8909107057615/300/VNCS000156_1.JPG
ootd,Women Tunic With Trousers Co-Ords,https://www.getketch.com/product/vishudh-women-green-tunic-with-trousers-co-ords-vncs000161,Rs. 629,https://getketchadmin.getketch.com/product/8909107057912/300/VNCS000161_1.JPG
ootd,Women Top With Trousers Co-Ords,https://www.getketch.com/product/vishudh-women-pink-top-with-trousers-co-ords-vpcs000016,Rs. 1049,https://getketchadmin.getketch.com/product/8909107027212/300/VPCS000016_1.JPG
ootd,Women Top With Trouser Co-Ords,https://www.getketch.com/product/vishudh-women-black-top-with-trouser-co-ords-vpcs000014,Rs. 1639,https://getketchadmin.getketch.com/product/8909107021531/300/VPCS000014_1.jpg
ootd,Women Shirt With Palazzos Co-Ords,https://www.getketch.com/product/vishudh-women-white-pink-shirt-with-palazzos-co-ords-vncs000078,Rs. 1249,https://getketchadmin.getketch.com/product/8905980659274/300/VNCS000078_1.jpg
ootd,Women Top With Palazzos Co-Ords,https://www.getketch.com/product/vishudh-women-lavender-top-with-palazzos-and-jacket-co-ords-vnt5000016,Rs. 609,https://getketchadmin.getketch.com/product/8905980957486/300/VNT5000016_1.jpg
ootd,Women Top With Trousers Co-Ords,https://www.getketch.com/product/vishudh-women-peach-top-with-trousers-co-ords-vpcs000004,Rs. 1679,https://getketchadmin.getketch.com/product/8905980984000/300/VPCS000004_1.JPG
ootd,Women Top With Trouser Co-Ords,https://www.getketch.com/product/vishudh-women-pink-top-with-trouser-co-ords-vpcs000010,Rs. 2189,https://getketchadmin.getketch.com/product/8909107001335/300/VPCS000010_1.jpg
ootd,Women Top With Trouser Co-Ords,https://www.getketch.com/product/vishudh-women-pink-top-with-trouser-co-ords-vncs000063,Rs. 689,https://getketchadmin.getketch.com/product/8905980465936/300/VNCS000063_1.jpg
ootd,Women Shirt With Trouser Co-Ords,https://www.getketch.com/product/vishudh-women-blue-pink-shirt-with-trouser-co-ords-vncs000105,Rs. 1177,https://getketchadmin.getketch.com/product/8905980681992/300/VNCS000105_1.JPG
ootd,Women Top With Trouser Co-Ords,https://www.getketch.com/product/vishudh-women-red-top-with-trouser-co-ords-vncs000109,Rs. 839,https://getketchadmin.getketch.com/product/8905980748077/300/VNCS000109_1.jpg
ootd,Women Coat With Trousers Co-Ords,https://www.getketch.com/product/vishudh-women-white-coat-with-trousers-co-ords-vpcs000043,Rs. 4619,https://getketchadmin.getketch.com/product/8909107203944/300/VPCS000043_1.JPG
ootd,Women Top With Trouser Co-Ords,https://www.getketch.com/product/vishudh-women-red-white-top-with-trouser-co-ords-vncs000074,Rs. 689,https://getketchadmin.getketch.com/product/8905980649091/300/VNCS000074_1.JPG
ootd,Women Top With Palazzos Co-Ords,https://www.getketch.com/product/vishudh-women-black-top-with-palazzos-and-jacket-co-ords-vpcs000024,Rs. 2079,https://getketchadmin.getketch.com/product/8909107028233/300/VPCS000024_1.jpg
ootd,Women Top With Palazzo Co-Ords,https://www.getketch.com/product/vishudh-women-mist-green-top-with-palazzo-co-ords-vncs000045,Rs. 989,https://getketchadmin.getketch.com/product/8905980258903/300/VNCS000045_1.JPG
ootd,Women Top With Palazzo Co-Ords,https://www.getketch.com/product/vishudh-women-blue-top-with-palazzo-co-ords-vncs000044,Rs. 989,https://getketchadmin.getketch.com/product/8905980258842/300/VNCS000044_1.JPG
ootd,Women Top With Trouser Co-Ords,https://www.getketch.com/product/vishudh-women-lime-green-printed-kaftan-with-pants-co-ords-vncs000110,Rs. 769,https://getketchadmin.getketch.com/product/8905980748121/300/VNCS000110_1.jpg
ootd,Women Top With Trouser Co-Ords,https://www.getketch.com/product/vishudh-women-peach-top-with-trouser-co-ords-vpcs000012,Rs. 1859,https://getketchadmin.getketch.com/product/8909107001632/300/VPCS000012_1.jpg
ootd,Women Shirt With Trousers Co-Ords,https://www.getketch.com/product/vishudh-women-multi-shirt-with-trousers-co-ords-vpcs000026,Rs. 2409,https://getketchadmin.getketch.com/product/8909107036597/300/VPCS000026_1.JPG
ootd,Women Top With Trouser Co-Ords,https://www.getketch.com/product/vishudh-women-pink-top-with-trouser-co-ords-vncs000069,Rs. 739,https://getketchadmin.getketch.com/product/8905980630044/300/VNCS000069_1.jpg
ootd,Women Top With Trouser Co-Ords,https://www.getketch.com/product/vishudh-women-navy-blue-top-with-trouser-co-ords-vncs000093,Rs. 859,https://getketchadmin.getketch.com/product/8905980676240/300/VNCS000093_1.jpg
ootd,Women Top With Trousers Co-Ords,https://www.getketch.com/product/vishudh-women-blue-top-with-trousers-co-ords-vpcs000015,Rs. 1049,https://getketchadmin.getketch.com/product/8909107027151/300/VPCS000015_1.JPG
ootd,Women Top With Palazzos Co-Ords,https://www.getketch.com/product/vishudh-women-purple-top-with-palazzos-and-jacket-co-ords-vpcs000023,Rs. 2079,https://getketchadmin.getketch.com/product/8909107028172/300/VPCS000023_1.jpg
ootd,Women Tunic With Trousers Co-Ords,https://www.getketch.com/product/vishudh-women-lavender-tunic-with-trousers-co-ords-vncs000162,Rs. 639,https://getketchadmin.getketch.com/product/8909107057974/300/VNCS000162_1.jpg
ootd,Women Shirt With Trousers Co-Ords,https://www.getketch.com/product/vishudh-women-blue-shirt-with-trousers-co-ords-vncs000157,Rs. 789,https://getketchadmin.getketch.com/product/8909107057691/300/VNCS000157_1.JPG
ootd,Women Top With Trousers Co-Ords,https://www.getketch.com/product/vishudh-women-blue-top-with-trousers-co-ords-vpcs000019,Rs. 1859,https://getketchadmin.getketch.com/product/8909107027397/300/VPCS000019_1.JPG
ootd,Women Tunic With Trousers Co-Ords,https://www.getketch.com/product/vishudh-women-off-white-tunic-with-trousers-co-ords-vncs000151,Rs. 689,https://getketchadmin.getketch.com/product/8909107023214/300/VNCS000151_1.JPG
ootd,Women Tunic With Trousers Co-Ords,https://www.getketch.com/product/vishudh-women-navy-blue-tunic-with-trousers-co-ords-vncs000139,Rs. 659,https://getketchadmin.getketch.com/product/8905980981269/300/VNCS000139_1.jpg
ootd,Women Top With Trousers Co-Ords,https://www.getketch.com/product/vishudh-women-cream-top-with-trousers-co-ords-vncs000167,Rs. 939,https://getketchadmin.getketch.com/product/8909107126229/300/VNCS000167_1.JPG
ootd,Women Tunic With Trousers Co-Ords,https://www.getketch.com/product/vishudh-women-blue-tunic-with-trousers-co-ords-vncs000038,Rs. 639,https://getketchadmin.getketch.com/product/8905980172278/300/VNCS000038_1.jpg
ootd,Women Tunic With Trousers Co-Ords,https://www.getketch.com/product/vishudh-women-peach-tunic-with-trousers-co-ords-vncs000163,Rs. 639,https://getketchadmin.getketch.com/product/8909107058032/300/VNCS000163_1.jpg
ootd,Women Top With Trousers Co-Ords,https://www.getketch.com/product/vishudh-women-navy-yellow-top-with-trousers-co-ords-vncs000055,Rs. 799,https://getketchadmin.getketch.com/product/8905980399798/300/VNCS000055_1.jpg
